{"cameraMode":{"drawMode":2,"name":"Shaded Wireframe","section":"Shading Mode"},"sceneLighting":true,"audioPlay":false,"sceneViewState":{"showFog":false,"showMaterialUpdate":false,"showSkybox":false,"showFlares":false,"showImageEffects":false,"showParticleSystems":false},"in2DMode":false,"pivot":{"x":77.2442626953125,"y":137.51991271972657,"z":84.39482116699219},"rotation":{"x":0.04804680123925209,"y":-0.59723961353302,"z":0.03587745130062103,"w":0.7998189330101013},"size":1031.5142822265625,"orthographic":false}